{
    "dynamic_style": "1",
    "compression": "0",
    "panel_default": {
        "top-a": {
            "panel": "uk-panel uk-panel-box"
        },
        "top-b": {
            "panel": "uk-panel uk-panel-box"
        },
        "bottom-a": {
            "panel": "uk-panel uk-panel-box"
        },
        "bottom-b": {
            "panel": "uk-panel uk-panel-box"
        },
        "main-top": {
            "panel": "uk-panel uk-panel-box"
        },
        "main-bottom": {
            "panel": "uk-panel uk-panel-box"
        },
        "sidebar-a": {
            "panel": "uk-panel uk-panel-box"
        },
        "sidebar-b": {
            "panel": "uk-panel uk-panel-box"
        }
    },
    "tracking_code": "",
    "layouts": {
        "default": {
            "style": "default",
            "sidebars": {
                "sidebar-a": {
                    "width": "15",
                    "alignment": "right"
                },
                "sidebar-b": {
                    "width": "15",
                    "alignment": "right"
                }
            },
            "grid": {
                "top-a": {
                    "layout": "parallel",
                    "responsive": "medium"
                },
                "top-b": {
                    "layout": "parallel",
                    "responsive": "medium"
                },
                "bottom-a": {
                    "layout": "parallel",
                    "responsive": "medium"
                },
                "bottom-b": {
                    "layout": "parallel",
                    "responsive": "medium"
                },
                "main-top": {
                    "layout": "parallel",
                    "responsive": "medium"
                },
                "main-bottom": {
                    "layout": "parallel",
                    "responsive": "medium"
                }
            }
        }
    }
}